{
  "geral": {
    "created": 1763017189.983492
  },
  "dev": {
    "created": 1763017189.9834938
  },
  "random": {
    "created": 1763017189.9834943
  },
  "announcements": {
    "created": 1763017189.983495
  }
}