{
  "go_client_677271": {
    "online": true,
    "last_seen": 1763017190.6303194
  },
  "go_client_56227": {
    "online": true,
    "last_seen": 1763017190.6331174
  },
  "3f41aca502c3_cd4rnm": {
    "online": true,
    "last_seen": 1763017191.6380672
  },
  "e258ed9d8e0b_uxf4r8": {
    "online": true,
    "last_seen": 1763017191.6453083
  },
  "43dba47d9382_3a15rf": {
    "online": true,
    "last_seen": 1763017191.6481702
  },
  "a971ec9ada06_pfpv9y": {
    "online": true,
    "last_seen": 1763017191.6516693
  },
  "1694c6a75e35_t3pcdy": {
    "online": true,
    "last_seen": 1763017191.9149542
  },
  "d1145c60e83b_69k5wz": {
    "online": true,
    "last_seen": 1763017192.2449205
  },
  "41366b20890c_e97ywq": {
    "online": true,
    "last_seen": 1763017192.541449
  },
  "0ac4d24d9306_5bu2im": {
    "online": true,
    "last_seen": 1763017192.7797577
  },
  "010f09d55e35_mrr423": {
    "online": true,
    "last_seen": 1763017193.052572
  },
  "84cb4955a2be_rhrs83": {
    "online": true,
    "last_seen": 1763017193.2854466
  },
  "4eaff7d7bd46_k8j1qa": {
    "online": true,
    "last_seen": 1763017193.6034052
  },
  "5f9d6e95e1c6_2z935p": {
    "online": true,
    "last_seen": 1763017193.827309
  },
  "8fb4d90193d7_p0we3w": {
    "online": true,
    "last_seen": 1763017194.1382177
  },
  "0776a9614b64_mvp8cc": {
    "online": true,
    "last_seen": 1763017194.421353
  },
  "188568d309ad_vdtgzh": {
    "online": true,
    "last_seen": 1763017194.7578251
  },
  "826bb0257c31_jwta5p": {
    "online": true,
    "last_seen": 1763017195.0262852
  },
  "a92f7775c930_fvogug": {
    "online": true,
    "last_seen": 1763017195.2913413
  },
  "941af09c9e52_kqyonh": {
    "online": true,
    "last_seen": 1763017195.5169578
  },
  "61c73770cf6b_q4c5j2": {
    "online": true,
    "last_seen": 1763017195.7562232
  },
  "f2d452df4fe6_al3pnk": {
    "online": true,
    "last_seen": 1763017195.9373147
  },
  "e258ed9d8e0b_fl7p0j": {
    "online": true,
    "last_seen": 1763017326.2577631
  },
  "go_client_711725": {
    "online": true,
    "last_seen": 1763017326.2970345
  },
  "go_client_194332": {
    "online": true,
    "last_seen": 1763017326.6762962
  },
  "a971ec9ada06_tpow89": {
    "online": true,
    "last_seen": 1763017326.6967857
  },
  "3f41aca502c3_513my3": {
    "online": true,
    "last_seen": 1763017326.9323933
  },
  "43dba47d9382_0867kc": {
    "online": true,
    "last_seen": 1763017327.1727147
  },
  "1694c6a75e35_d8fb5w": {
    "online": true,
    "last_seen": 1763017327.4533248
  },
  "d1145c60e83b_se6ylt": {
    "online": true,
    "last_seen": 1763017327.7132907
  },
  "41366b20890c_ac0m9d": {
    "online": true,
    "last_seen": 1763017327.953055
  },
  "0ac4d24d9306_azza5k": {
    "online": true,
    "last_seen": 1763017328.2217875
  },
  "010f09d55e35_4ynsol": {
    "online": true,
    "last_seen": 1763017328.4520762
  },
  "84cb4955a2be_sju329": {
    "online": true,
    "last_seen": 1763017328.684008
  },
  "4eaff7d7bd46_0cesar": {
    "online": true,
    "last_seen": 1763017328.9212077
  },
  "5f9d6e95e1c6_55l6y4": {
    "online": true,
    "last_seen": 1763017329.2285392
  },
  "8fb4d90193d7_et3nn3": {
    "online": true,
    "last_seen": 1763017329.4559333
  },
  "0776a9614b64_6bsx4d": {
    "online": true,
    "last_seen": 1763017329.7127705
  },
  "188568d309ad_gu2ny6": {
    "online": true,
    "last_seen": 1763017330.0261385
  },
  "826bb0257c31_mdjz1p": {
    "online": true,
    "last_seen": 1763017330.3547807
  },
  "a92f7775c930_4z2hja": {
    "online": true,
    "last_seen": 1763017330.6831415
  },
  "941af09c9e52_xvnrwe": {
    "online": true,
    "last_seen": 1763017330.9192233
  },
  "61c73770cf6b_470sk8": {
    "online": true,
    "last_seen": 1763017331.8696034
  },
  "f2d452df4fe6_1oxtix": {
    "online": true,
    "last_seen": 1763017332.2073064
  },
  "go_client_468371": {
    "online": true,
    "last_seen": 1763017483.1082344
  },
  "Otávio": {
    "online": true,
    "last_seen": "2025-11-13 07:31:02"
  },
  "go_client_461255": {
    "online": true,
    "last_seen": 1763017483.595645
  },
  "Carlos": {
    "online": true,
    "last_seen": 1763017490.9620652
  },
  "Ana": {
    "online": true,
    "last_seen": 1763017490.5296493
  },
  "Gabriel": {
    "online": true,
    "last_seen": "2025-11-13T19:14:00.339428"
  },
  "Natália": {
    "online": true,
    "last_seen": 1763017486.0293148
  },
  "Eduardo": {
    "online": true,
    "last_seen": "2025-11-13 18:10:01"
  },
  "go_client_462533": {
    "online": true,
    "last_seen": "2025-11-13 07:31:37"
  },
  "Fernanda": {
    "online": true,
    "last_seen": "2025-11-13 07:31:40"
  },
  "go_client_12093": {
    "online": true,
    "last_seen": "2025-11-13 17:32:47"
  },
  "Alice": {
    "online": true,
    "last_seen": "2025-11-13 18:16:46"
  },
  "go_client_357163": {
    "online": true,
    "last_seen": "2025-11-13 17:51:20"
  },
  "go_client_491855": {
    "online": true,
    "last_seen": "2025-11-13 17:52:37"
  },
  "go_client_72417": {
    "online": true,
    "last_seen": "2025-11-13 17:53:17"
  },
  "go_client_62322": {
    "online": true,
    "last_seen": "2025-11-13 17:57:37"
  },
  "go_client_694317": {
    "online": true,
    "last_seen": "2025-11-13 17:59:35"
  },
  "go_client_580722": {
    "online": true,
    "last_seen": "2025-11-13 18:10:00"
  },
  "Larissa": {
    "online": true,
    "last_seen": "2025-11-13 18:49:42"
  }
}